{"cameraMode":{"drawMode":0,"name":"Shaded","section":"Shading Mode"},"sceneLighting":false,"audioPlay":false,"sceneViewState":{"m_AlwaysRefresh":false,"showFog":true,"showSkybox":false,"showFlares":true,"showImageEffects":true,"showParticleSystems":true,"showVisualEffectGraphs":true,"m_FxEnabled":true},"in2DMode":false,"pivot":{"x":86.78250122070313,"y":52.500003814697269,"z":-26.15000343322754},"rotation":{"x":0.039621949195861819,"y":0.11515135318040848,"z":-0.0045962948352098469,"w":0.9925512671470642},"size":25.3961124420166,"orthographic":false}