{"cameraMode":{"drawMode":0,"name":"Shaded","section":"Shading Mode"},"sceneLighting":true,"audioPlay":false,"sceneViewState":{"m_AlwaysRefresh":false,"showFog":true,"showSkybox":true,"showFlares":true,"showImageEffects":true,"showParticleSystems":true,"showVisualEffectGraphs":true,"m_FxEnabled":true},"in2DMode":false,"pivot":{"x":4.699999809265137,"y":1.2734296321868897,"z":0.730785608291626},"rotation":{"x":0.33185479044914248,"y":0.016974087804555894,"z":-0.005991735495626926,"w":0.9431712627410889},"size":3.975940704345703,"orthographic":false}