{"cameraMode":{"drawMode":0,"name":"Shaded","section":"Shading Mode"},"sceneLighting":true,"audioPlay":false,"sceneViewState":{"m_AlwaysRefresh":false,"showFog":true,"showSkybox":true,"showFlares":true,"showImageEffects":true,"showParticleSystems":true,"showVisualEffectGraphs":true,"m_FxEnabled":true},"in2DMode":false,"pivot":{"x":0.027903437614440919,"y":-260.1722412109375,"z":191.29669189453126},"rotation":{"x":0.0631539449095726,"y":-0.89708012342453,"z":0.13633644580841065,"w":0.4155493974685669},"size":3.1038668155670168,"orthographic":false}